<?xml version="1.0" encoding="ISO-8859-1"?>
<!--
 * Copyright (C) 2008 - INRIA
 * Copyright (C) 2010 - DIGITEO - Michael Baudin
 *
 * This file must be used under the terms of the CeCILL.
 * This source file is licensed as described in the file COPYING, which
 * you should have received as part of this distribution.  The terms
 * are also available at
 * http://www.cecill.info/licences/Licence_CeCILL_V2-en.txt
 *
 -->
<refentry version="5.0-subset Scilab" xml:id="factorielle" xml:lang="fr"
          xmlns="http://docbook.org/ns/docbook"
          xmlns:xlink="http://www.w3.org/1999/xlink"
          xmlns:svg="http://www.w3.org/2000/svg"
          xmlns:ns4="http://www.w3.org/1999/xhtml"
          xmlns:mml="http://www.w3.org/1998/Math/MathML"
          xmlns:db="http://docbook.org/ns/docbook">
  <info>
    <pubdate>$LastChangedDate$</pubdate>
  </info>

  <refnamediv>
    <refname>factorielle</refname>

    <refpurpose>factorielle</refpurpose>
  </refnamediv>

  <refsynopsisdiv>
    <synopsis>m = factorielle(n)</synopsis>
  </refsynopsisdiv>

  <refsection>
    <title>Param�tres</title>

    <variablelist>
      <varlistentry>
        <term>n</term>

        <listitem>
          <para>nombre entier positif ou nul</para>
        </listitem>
      </varlistentry>

      <varlistentry>
        <term>m</term>

        <listitem>
          <para>nombre entier positif</para>
        </listitem>
      </varlistentry>
    </variablelist>
  </refsection>

  <refsection>
    <title>Description</title>

    <para><literal>factorielle(n)</literal> retourne la factorielle de
    <literal>n</literal> avec <literal>n</literal> entier positif ou
    nul.</para>
  </refsection>

  <refsection>
    <title>Exemples</title>

    <programlisting role="example">factorielle(5)
factorielle(0)
    </programlisting>
  </refsection>
</refentry>
