<?xml version="1.0" encoding="ISO-8859-1"?>
<!--
 * Copyright (C) 2008 - INRIA
 *
 * This file must be used under the terms of the CeCILL.
 * This source file is licensed as described in the file COPYING, which
 * you should have received as part of this distribution.  The terms
 * are also available at
 * http://www.cecill.info/licences/Licence_CeCILL_V2-en.txt
 *
 -->
<refentry version="5.0-subset Scilab" xml:id="tirage_entier" xml:lang="fr"
          xmlns="http://docbook.org/ns/docbook"
          xmlns:xlink="http://www.w3.org/1999/xlink"
          xmlns:svg="http://www.w3.org/2000/svg"
          xmlns:ns4="http://www.w3.org/1999/xhtml"
          xmlns:mml="http://www.w3.org/1998/Math/MathML"
          xmlns:db="http://docbook.org/ns/docbook">
  <info>
    <pubdate>$LastChangedDate$</pubdate>
  </info>

  <refnamediv>
    <refname>tirage_entier</refname>

    <refpurpose>tirage de nombres entiers</refpurpose>
  </refnamediv>

  <refsynopsisdiv>
    <synopsis>v = tirage_entier(p,m,n)</synopsis>
  </refsynopsisdiv>

  <refsection>
    <title>Param�tres</title>

    <variablelist>
      <varlistentry>
        <term>p</term>

        <listitem>
          <para>nombre entier positif</para>
        </listitem>
      </varlistentry>

      <varlistentry>
        <term>m</term>

        <listitem>
          <para>nombre entier</para>
        </listitem>
      </varlistentry>

      <varlistentry>
        <term>n</term>

        <listitem>
          <para>nombre entier</para>
        </listitem>
      </varlistentry>

      <varlistentry>
        <term>v</term>

        <listitem>
          <para>vecteur de nombres entiers</para>
        </listitem>
      </varlistentry>
    </variablelist>
  </refsection>

  <refsection>
    <title>Description</title>

    <para><literal>tirage_entier(p,m,n)</literal> retourne un vecteur de
    <literal>p</literal> tirages entiers pris entre <literal>m</literal> et
    <literal>n</literal> avec <literal>p</literal> entier positif,
    <literal>m</literal> et <literal>n</literal> entiers et<literal>
    m</literal>&lt;=<literal>n</literal>.</para>
  </refsection>

  <refsection>
    <title>Exemples</title>

    <programlisting role="example">// dix jets de d�s
tirage_entier(10,1,6)</programlisting>
  </refsection>

  <refsection>
    <title>Voir Aussi</title>

    <simplelist type="inline">
      <member><link
      linkend="frequence_tirage_entier">frequence_tirage_entier</link></member>

      <member><link linkend="tirage_reel">tirage_reel</link></member>
    </simplelist>
  </refsection>
</refentry>
