<?xml version="1.0" encoding="ISO-8859-1"?>
<!--
 * Copyright (C) 2008 - INRIA
 *
 * This file must be used under the terms of the CeCILL.
 * This source file is licensed as described in the file COPYING, which
 * you should have received as part of this distribution.  The terms
 * are also available at
 * http://www.cecill.info/licences/Licence_CeCILL_V2-en.txt
 *
 -->
<refentry version="5.0-subset Scilab" xml:id="afficher" xml:lang="fr"
          xmlns="http://docbook.org/ns/docbook"
          xmlns:xlink="http://www.w3.org/1999/xlink"
          xmlns:svg="http://www.w3.org/2000/svg"
          xmlns:ns4="http://www.w3.org/1999/xhtml"
          xmlns:mml="http://www.w3.org/1998/Math/MathML"
          xmlns:db="http://docbook.org/ns/docbook">
  <info>
    <pubdate>$LastChangedDate$</pubdate>
  </info>

  <refnamediv>
    <refname>afficher</refname>

    <refpurpose>affiche des valeurs dans la console</refpurpose>
  </refnamediv>

  <refsynopsisdiv>
    <title>S�quence d'appel</title>

    <synopsis>afficher(x,[y,...])</synopsis>
  </refsynopsisdiv>

  <refsection>
    <title>Param�tres</title>

    <variablelist>
      <varlistentry>
        <term>x</term>

        <listitem>
          <para>valeur</para>
        </listitem>
      </varlistentry>

      <varlistentry>
        <term>y</term>

        <listitem>
          <para>valeur</para>
        </listitem>
      </varlistentry>
    </variablelist>
  </refsection>

  <refsection>
    <title>Description</title>

    <para><literal>afficher(...)</literal> affiche les valeurs de ses
    arguments dans la console.</para>
  </refsection>

  <refsection>
    <title>Exemples</title>

    <programlisting role="example">a=1
afficher(a,10,"scilab")</programlisting>
  </refsection>
</refentry>
