<?xml version="1.0" encoding="ISO-8859-1"?>
<!--
 * Copyright (C) 2008 - INRIA
 *
 * This file must be used under the terms of the CeCILL.
 * This source file is licensed as described in the file COPYING, which
 * you should have received as part of this distribution.  The terms
 * are also available at
 * http://www.cecill.info/licences/Licence_CeCILL_V2-en.txt
 *
 -->
<refentry version="5.0-subset Scilab" xml:id="union" xml:lang="fr"
          xmlns="http://docbook.org/ns/docbook"
          xmlns:xlink="http://www.w3.org/1999/xlink"
          xmlns:svg="http://www.w3.org/2000/svg"
          xmlns:ns4="http://www.w3.org/1999/xhtml"
          xmlns:mml="http://www.w3.org/1998/Math/MathML"
          xmlns:db="http://docbook.org/ns/docbook">
  <info>
    <pubdate>$LastChangedDate$</pubdate>
  </info>

  <refnamediv>
    <refname>union</refname>

    <refpurpose>retourne l'union de deux ensembles</refpurpose>
  </refnamediv>

  <refsynopsisdiv>
    <title>S�quence d'appel</title>

    <synopsis>ens3 = union(ens1,ens2)</synopsis>
  </refsynopsisdiv>

  <refsection>
    <title>Param�tres</title>

    <variablelist>
      <varlistentry>
        <term>ens1</term>

        <listitem>
          <para>ensemble</para>
        </listitem>
      </varlistentry>

      <varlistentry>
        <term>ens2</term>

        <listitem>
          <para>ensemble</para>
        </listitem>
      </varlistentry>

      <varlistentry>
        <term>ens3</term>

        <listitem>
          <para>ensemble</para>
        </listitem>
      </varlistentry>
    </variablelist>
  </refsection>

  <refsection>
    <title>Description</title>

    <para>La fonction <literal>union</literal> retourne l'ensemble
    <literal>ens3</literal> obtenu par l'union des ensembles
    <literal>ens1</literal> et <literal>ens2</literal>.</para>
  </refsection>

  <refsection>
    <title>Exemples</title>

    <programlisting role="example">ens1=ensemble("a","c")
ens2=ensemble("b","c","d")
union(ens1,ens2)</programlisting>
  </refsection>

  <refsection>
    <title>Voir Aussi</title>

    <simplelist type="inline">
      <member><link linkend="complementaire">complementaire,</link></member>

      <member><link linkend="intersection">intersection</link></member>
    </simplelist>
  </refsection>
</refentry>
