<?xml version="1.0" encoding="ISO-8859-1"?>
<!--
 * Copyright (C) 2008 - INRIA
 *
 * This file must be used under the terms of the CeCILL.
 * This source file is licensed as described in the file COPYING, which
 * you should have received as part of this distribution.  The terms
 * are also available at
 * http://www.cecill.info/licences/Licence_CeCILL_V2-en.txt
 *
 -->
<refentry version="5.0-subset Scilab" xml:id="diviseurs" xml:lang="fr"
          xmlns="http://docbook.org/ns/docbook"
          xmlns:xlink="http://www.w3.org/1999/xlink"
          xmlns:svg="http://www.w3.org/2000/svg"
          xmlns:ns4="http://www.w3.org/1999/xhtml"
          xmlns:mml="http://www.w3.org/1998/Math/MathML"
          xmlns:db="http://docbook.org/ns/docbook">
  <info>
    <pubdate>$LastChangedDate$</pubdate>
  </info>

  <refnamediv>
    <refname>diviseurs</refname>

    <refpurpose>retourne la suite des diviseurs d'un nombre
    entier</refpurpose>
  </refnamediv>

  <refsynopsisdiv>
    <title>S�quence d'appel</title>

    <synopsis>s = diviseurs(n)</synopsis>
  </refsynopsisdiv>

  <refsection>
    <title>Param�tres</title>

    <variablelist>
      <varlistentry>
        <term>n</term>

        <listitem>
          <para>entier positif</para>
        </listitem>
      </varlistentry>

      <varlistentry>
        <term>s</term>

        <listitem>
          <para>suite de nombres</para>
        </listitem>
      </varlistentry>
    </variablelist>
  </refsection>

  <refsection>
    <title>Description</title>

    <para><literal>diviseurs(n)</literal> retourne la suite, dans l'ordre
    croissant ,des diviseurs de <literal>n</literal> avec <literal>n</literal>
    entier positif.</para>
  </refsection>

  <refsection>
    <title>Exemple</title>

    <programlisting role="example">diviseurs(26364)
diviseurs(89)</programlisting>
  </refsection>

  <refsection>
    <title>Voir Aussi</title>

    <simplelist type="inline">
      <member><link linkend="factorise">factorise</link></member>
    </simplelist>
  </refsection>
</refentry>
