<?xml version="1.0" encoding="ISO-8859-1"?>
<!--
 * Copyright (C) 2008 - INRIA
 *
 * This file must be used under the terms of the CeCILL.
 * This source file is licensed as described in the file COPYING, which
 * you should have received as part of this distribution.  The terms
 * are also available at
 * http://www.cecill.info/licences/Licence_CeCILL_V2-en.txt
 *
 -->
<refentry version="5.0-subset Scilab" xml:id="ppcm" xml:lang="fr"
          xmlns="http://docbook.org/ns/docbook"
          xmlns:xlink="http://www.w3.org/1999/xlink"
          xmlns:svg="http://www.w3.org/2000/svg"
          xmlns:ns4="http://www.w3.org/1999/xhtml"
          xmlns:mml="http://www.w3.org/1998/Math/MathML"
          xmlns:db="http://docbook.org/ns/docbook">
  <info>
    <pubdate>$LastChangedDate$</pubdate>
  </info>

  <refnamediv>
    <refname>ppcm</refname>

    <refpurpose>retourne le PPCM de deux nombres</refpurpose>
  </refnamediv>

  <refsynopsisdiv>
    <title>S�quence d'appel</title>

    <synopsis>p = ppcm(m,n)</synopsis>
  </refsynopsisdiv>

  <refsection>
    <title>Param�tres</title>

    <variablelist>
      <varlistentry>
        <term>m</term>

        <listitem>
          <para>entier</para>
        </listitem>
      </varlistentry>

      <varlistentry>
        <term>n</term>

        <listitem>
          <para>entier</para>
        </listitem>
      </varlistentry>

      <varlistentry>
        <term>p</term>

        <listitem>
          <para>entier</para>
        </listitem>
      </varlistentry>
    </variablelist>
  </refsection>

  <refsection>
    <title>Description</title>

    <para><literal>ppcm(m,n)</literal> retourne le plus petit commun multiple
    de <literal>m</literal> et <literal>n</literal>.</para>
  </refsection>

  <refsection>
    <title>Exemples</title>

    <programlisting role="example">ppcm(25,30)
ppcm(-25,30)
ppcm(123,35)</programlisting>
  </refsection>

  <refsection>
    <title>Voir Aussi</title>

    <simplelist type="inline">
      <member><link linkend="pgcd">pgcd</link></member>
    </simplelist>
  </refsection>
</refentry>
