<?xml version="1.0" encoding="ISO-8859-1"?>
<!--
 * Copyright (C) 2008 - INRIA
 *
 * This file must be used under the terms of the CeCILL.
 * This source file is licensed as described in the file COPYING, which
 * you should have received as part of this distribution.  The terms
 * are also available at
 * http://www.cecill.info/licences/Licence_CeCILL_V2-en.txt
 *
 -->
<refentry version="5.0-subset Scilab" xml:id="premier" xml:lang="fr"
          xmlns="http://docbook.org/ns/docbook"
          xmlns:xlink="http://www.w3.org/1999/xlink"
          xmlns:svg="http://www.w3.org/2000/svg"
          xmlns:ns4="http://www.w3.org/1999/xhtml"
          xmlns:mml="http://www.w3.org/1998/Math/MathML"
          xmlns:db="http://docbook.org/ns/docbook">
  <info>
    <pubdate>$LastChangedDate$</pubdate>
  </info>

  <refnamediv>
    <refname>premier</refname>

    <refpurpose>test pour savoir si un nombre est premier</refpurpose>
  </refnamediv>

  <refsynopsisdiv>
    <title>S�quence d'appel</title>

    <synopsis>b = premier(n)</synopsis>
  </refsynopsisdiv>

  <refsection>
    <title>Param�tres</title>

    <variablelist>
      <varlistentry>
        <term>n</term>

        <listitem>
          <para>entier positif ou nul</para>
        </listitem>
      </varlistentry>

      <varlistentry>
        <term>b</term>

        <listitem>
          <para><literal>%T</literal> (vrai) ou <literal>%F</literal>
          (faux)</para>
        </listitem>
      </varlistentry>
    </variablelist>
  </refsection>

  <refsection>
    <title>Description</title>

    <para><literal>premier</literal> retourne vrai (<literal>%T</literal>) si
    n est un nombre premier et faux (<literal>%F</literal>) sinon.</para>
  </refsection>

  <refsection>
    <title>Exemples</title>

    <programlisting role="example">premier(24)
premier(71)</programlisting>
  </refsection>

  <refsection>
    <title>Voir Aussi</title>

    <simplelist type="inline">
      <member><link linkend="liste_premiers">liste_premiers</link></member>

      <member><link linkend="numero_premier">numero_premier</link></member>
    </simplelist>
  </refsection>
</refentry>
